Medl.nr.;Navn;E-mail;Medlemskab;Indmeldelsesdato;Betalingskanal;Betalingsfrekvens;Senest fejlede betaling;Status;subscriptionId;Girokort sendt
1;Anders Nielsen;anders_nielsen19@dkmail.dk;Nedsat;07-10-1997;Kontant;Kvartalsvis;18-02-2025;Ingen betaling;;
2;Mette Nielsen;mette_nielsen29@dkmail.dk;Standard;10-05-2000;MobilePay;Månedlig;12-04-2025;Rejected;12c4ff58-6fbe-4f13-91e4-5d4293b2ab4d  ;
3;Thomas Andersen;thomas_andersen41@dkmail.dk;Standard;01-02-2003;Kontant;Årlig;08-03-2025;Ingen betaling;;
4;Martin Madsen;martin_madsen22@dkmail.dk;Husstand;01-01-2008;MobilePay;Kvartalsvis;24-03-2025;Failed;a1b0c9d7-442e-43aa-9e6f-e451f1b780a3  ;
5;Martin Larsen;martin_larsen35@dkmail.dk;Standard;01-01-2008;MasterCard;Årlig;27-01-2025;Rejected;8f32a9b1-d3c5-4b9e-9f7e-7b12f8348cf0  ;
6;Sofie Jensen;sofie_jensen67@dkmail.dk;Standard;01-01-2010;MobilePay;Årlig;18-02-2025;Failed;f3d7e4a0-21a7-4e9c-8fce-4d8ef6b710d4  ;
7;Lene Jensen;lene_jensen57@dkmail.dk;Standard;26-10-2022;MobilePay;Årlig;29-04-2025;Rejected;0d8b7c2f-2af3-4b67-9c14-cc9a2df86521  ;
8;Thomas Andersen;thomas_andersen68@dkmail.dk;Standard;01-01-2011;Betalingsservice;Kvartalsvis;22-03-2025;Betaling afvist;8;
9;Pernille Jensen;pernille_jensen52@dkmail.dk;Standard;01-01-2012;MobilePay;Månedlig;04-01-2025;Rejected;d6a3f4be-98e1-4973-a812-4e6cb81643e0  ;
10;Mette Christensen;mette_christensen71@dkmail.dk;Standard;01-01-2013;Girokort;Kvartalsvis;04-02-2025;Ingen betaling;10;1. februar 2025
11;Anders Nielsen;anders_nielsen86@dkmail.dk;Nedsat;01-01-2013;Dankort/VISA;Årlig;02-04-2025;Rejected;8f32a9b1-d3c5-4b9e-9f7e-7b12f8348cf0  ;
12;Mette Christensen;mette_christensen80@dkmail.dk;Standard;01-01-2014;Betalingsservice;Kvartalsvis;09-04-2025;Betaling afvist;12;
13;Henrik Jensen;henrik_jensen94@dkmail.dk;Standard;01-01-2014;MobilePay;Månedlig;23-03-2025;Failed;7ac43b7e-5df4-41a5-8a3e-b71206c9b0c7  ;
14;Jens Jensen;jens_jensen89@dkmail.dk;Husstand;01-01-2014;Dankort/VISA;Årlig;28-03-2025;Failed;12c4ff58-6fbe-4f13-91e4-5d4293b2ab4d  ;
15;Jens Hansen;jens_hansen51@dkmail.dk;Husstand;06-12-2014;Girokort;Månedlig;30-01-2025;Ingen betaling;15;1. januar 2025
16;Mette Nielsen;mette_nielsen39@dkmail.dk;Nedsat;20-01-2013;Betalingsservice;Årlig;04-01-2025;Betaling afvist;16;
17;Jens Nielsen;jens_nielsen48@dkmail.dk;Standard;23-01-2014;Betalingsservice;Årlig;31-01-2025;Betaling afvist;17;
18;Anders Hansen;anders_hansen29@dkmail.dk;Standard;18-03-2014;Dankort/VISA;Månedlig;01-03-2025;Rejected;a1b0c9d7-442e-43aa-9e6f-e451f1b780a3  ;
19;Sofie Andersen;sofie_andersen21@dkmail.dk;Standard;07-05-2018;Dankort/VISA;Årlig;19-03-2025;Failed;f3d7e4a0-21a7-4e9c-8fce-4d8ef6b710d4  ;
20;Karen Pedersen;karen_pedersen93@dkmail.dk;Standard;10-05-2018;MasterCard;Månedlig;05-03-2025;Failed;12c4ff58-6fbe-4f13-91e4-5d4293b2ab4d  ;
21;Pernille Nielsen;pernille_nielsen33@dkmail.dk;Standard;06-07-2021;Betalingsservice;Årlig;08-04-2025;Aftale lukket;21;
22;Jens Larsen;jens_larsen18@dkmail.dk;Standard;10-10-2018;MobilePay;Kvartalsvis;20-02-2025;Rejected;3b49ff01-8d2c-43c4-927e-9fdf2536fa9a  ;
23;Anders Christensen;anders_christensen54@dkmail.dk;Standard;03-06-2018;Dankort/VISA;Månedlig;08-04-2025;Rejected;0d8b7c2f-2af3-4b67-9c14-cc9a2df86521  ;
24;Anders Nielsen;anders_nielsen69@dkmail.dk;Standard;10-06-2018;Dankort/VISA;Månedlig;29-01-2025;Failed;d6a3f4be-98e1-4973-a812-4e6cb81643e0  ;
25;Jens Larsen;jens_larsen94@dkmail.dk;Standard;20-01-2014;Girokort;Månedlig;07-01-2025;Ingen betaling;25;1. januar 2025
26;Mette Hansen;mette_hansen72@dkmail.dk;Standard;18-10-2020;MobilePay;Månedlig;27-04-2025;Rejected;4fbd2a58-91f2-44a7-b282-7ea3cbf59bc1  ;
27;Mette Pedersen;mette_pedersen71@dkmail.dk;Standard;08-10-2015;MobilePay;Årlig;26-03-2025;Rejected;c8479df1-29fc-4524-bc88-e0fbd75546dc  ;
28;Mette Pedersen;mette_pedersen14@dkmail.dk;Standard;08-10-2015;Girokort;Kvartalsvis;17-02-2025;Ingen betaling;28;1. februar 2025
29;Mette Madsen;mette_madsen51@dkmail.dk;Standard;17-06-2016;MobilePay;Årlig;13-01-2025;Rejected;92f51ac0-bb10-4604-9a4e-4ec6ceef71e1  ;
30;Lene Madsen;lene_madsen14@dkmail.dk;Standard;04-09-2016;Kontant;Årlig;23-03-2025;Ingen betaling;;
31;Martin Jensen;martin_jensen90@dkmail.dk;Standard;03-12-2016;Dankort/VISA;Årlig;08-04-2025;Rejected;7ac43b7e-5df4-41a5-8a3e-b71206c9b0c7  ;
32;Mette Jensen;mette_jensen66@dkmail.dk;Standard;17-01-2017;MasterCard;Kvartalsvis;17-02-2025;Failed;a1b0c9d7-442e-43aa-9e6f-e451f1b780a3  ;
33;Karen Hansen;karen_hansen83@dkmail.dk;Standard;21-01-2019;Betalingsservice;Månedlig;22-01-2025;Aftale lukket;33;
34;Henrik Christensen;henrik_christensen56@dkmail.dk;Standard;02-08-2017;Kontant;Månedlig;16-03-2025;Ingen betaling;;
35;Martin Hansen;martin_hansen38@dkmail.dk;Standard;11-08-2017;Dankort/VISA;Kvartalsvis;23-01-2025;Failed;3b49ff01-8d2c-43c4-927e-9fdf2536fa9a  ;
36;Mette Larsen;mette_larsen72@dkmail.dk;Nedsat;17-08-2017;Dankort/VISA;Kvartalsvis;26-03-2025;Failed;4fbd2a58-91f2-44a7-b282-7ea3cbf59bc1  ;
37;Anders Christensen;anders_christensen32@dkmail.dk;Standard;21-01-2019;MobilePay;Månedlig;09-04-2025;Failed;6e4f0d6e-d055-4e63-9ec9-3b57aa7f3e78  ;
38;Sofie Hansen;sofie_hansen29@dkmail.dk;Standard;13-10-2017;Dankort/VISA;Månedlig;25-01-2025;Failed;c8479df1-29fc-4524-bc88-e0fbd75546dc  ;
39;Thomas Christensen;thomas_christensen64@dkmail.dk;Standard;21-10-2017;Girokort;Årlig;07-03-2025;Ingen betaling;39;1. marts 2025
40;Anders Christensen;anders_christensen14@dkmail.dk;Nedsat;04-11-2017;Girokort;Månedlig;03-04-2025;Ingen betaling;40;1. april 2025
41;Henrik Pedersen;henrik_pedersen34@dkmail.dk;Standard;07-11-2017;Girokort;Kvartalsvis;05-02-2025;Ingen betaling;41;1. februar 2025
42;Anders Andersen;anders_andersen22@dkmail.dk;Nedsat;08-02-2024;Girokort;Kvartalsvis;16-02-2025;Ingen betaling;42;1. februar 2025
43;Anders Nielsen;anders_nielsen44@dkmail.dk;Husstand;04-12-2017;Kontant;Kvartalsvis;02-04-2025;Ingen betaling;;
44;Mette Pedersen;mette_pedersen83@dkmail.dk;Standard;07-12-2017;Girokort;Månedlig;26-03-2025;Ingen betaling;44;1. marts 2025
45;Thomas Jensen;thomas_jensen99@dkmail.dk;Husstand;11-12-2017;Dankort/VISA;Kvartalsvis;09-03-2025;Rejected;92f51ac0-bb10-4604-9a4e-4ec6ceef71e1  ;
46;Martin Larsen;martin_larsen77@dkmail.dk;Standard;26-12-2022;Betalingsservice;Årlig;15-03-2025;Aftale lukket;46;
47;Lene Jensen;lene_jensen60@dkmail.dk;Husstand;29-12-2017;MobilePay;Månedlig;06-04-2025;Rejected;531bbdc1-ec77-4a15-b253-9c17f0e6bd13  ;
48;Sofie Andersen;sofie_andersen79@dkmail.dk;Standard;29-12-2017;MasterCard;Månedlig;26-04-2025;Failed;f3d7e4a0-21a7-4e9c-8fce-4d8ef6b710d4  ;
49;Karen Nielsen;karen_nielsen20@dkmail.dk;Husstand;20-02-2021;Betalingsservice;Kvartalsvis;04-03-2025;Betaling afvist;49;
50;Martin Christensen;martin_christensen90@dkmail.dk;Husstand;28-12-2018;Betalingsservice;Månedlig;01-01-2025;Aftale lukket;50;
51;Henrik Hansen;henrik_hansen58@dkmail.dk;Standard;24-01-2019;Betalingsservice;Månedlig;08-02-2025;Betaling afvist;51;
52;Pernille Hansen;pernille_hansen11@dkmail.dk;Standard;02-01-2018;Kontant;Månedlig;16-02-2025;Ingen betaling;;
53;Thomas Hansen;thomas_hansen65@dkmail.dk;Standard;15-01-2018;MasterCard;Kvartalsvis;18-02-2025;Rejected;0d8b7c2f-2af3-4b67-9c14-cc9a2df86521  ;
54;Sofie Pedersen;sofie_pedersen83@dkmail.dk;Standard;27-01-2018;MobilePay;Kvartalsvis;22-02-2025;Rejected;a9b203e7-b04f-4c43-981a-06cb7715a39f  ;
55;Lene Nielsen;lene_nielsen24@dkmail.dk;Husstand;31-01-2018;MasterCard;Kvartalsvis;08-04-2025;Failed;d6a3f4be-98e1-4973-a812-4e6cb81643e0  ;
56;Martin Christensen;martin_christensen29@dkmail.dk;Standard;04-02-2018;Dankort/VISA;Årlig;21-01-2025;Failed;6e4f0d6e-d055-4e63-9ec9-3b57aa7f3e78  ;
57;Pernille Jensen;pernille_jensen97@dkmail.dk;Standard;05-01-2020;Kontant;Årlig;15-04-2025;Ingen betaling;;
58;Pernille Pedersen;pernille_pedersen14@dkmail.dk;Standard;08-03-2018;Dankort/VISA;Kvartalsvis;18-01-2025;Failed;531bbdc1-ec77-4a15-b253-9c17f0e6bd13  ;
59;Martin Nielsen;martin_nielsen77@dkmail.dk;Husstand;01-09-2019;Betalingsservice;Månedlig;21-02-2025;Aftale lukket;59;
60;Karen Madsen;karen_madsen82@dkmail.dk;Standard;28-02-2019;MasterCard;Kvartalsvis;20-01-2025;Failed;7ac43b7e-5df4-41a5-8a3e-b71206c9b0c7  ;
61;Lene Christensen;lene_christensen23@dkmail.dk;Standard;18-01-2024;Dankort/VISA;Månedlig;19-04-2025;Failed;a9b203e7-b04f-4c43-981a-06cb7715a39f  ;
62;Henrik Nielsen;henrik_nielsen84@dkmail.dk;Standard;08-03-2019;Dankort/VISA;Kvartalsvis;17-02-2025;Rejected;381e963f-e1c3-40ef-9a6b-949e6d28df95  ;
63;Mette Pedersen;mette_pedersen75@dkmail.dk;Husstand;29-05-2019;Betalingsservice;Årlig;25-04-2025;Betaling afvist;63;
64;Sofie Christensen;sofie_christensen42@dkmail.dk;Standard;30-03-2019;Betalingsservice;Årlig;16-03-2025;Aftale lukket;64;
65;Henrik Madsen;henrik_madsen39@dkmail.dk;Standard;10-04-2019;MobilePay;Kvartalsvis;13-04-2025;Failed;381e963f-e1c3-40ef-9a6b-949e6d28df95  ;
66;Pernille Nielsen;pernille_nielsen40@dkmail.dk;Standard;01-09-2019;Dankort/VISA;Månedlig;22-04-2025;Failed;e6c8b9f4-44e7-42be-8040-1fefcb0294d6  ;
67;Anders Larsen;anders_larsen92@dkmail.dk;Husstand;03-05-2019;Kontant;Kvartalsvis;08-01-2025;Ingen betaling;;
68;Sofie Christensen;sofie_christensen66@dkmail.dk;Standard;30-05-2019;Betalingsservice;Årlig;28-01-2025;Betaling afvist;68;
69;Thomas Nielsen;thomas_nielsen17@dkmail.dk;Standard;16-05-2019;Betalingsservice;Månedlig;23-02-2025;Aftale lukket;69;
70;Martin Madsen;martin_madsen90@dkmail.dk;Standard;27-12-2019;Betalingsservice;Månedlig;10-03-2025;Betaling afvist;70;
71;Martin Larsen;martin_larsen10@dkmail.dk;Nedsat;11-06-2019;Girokort;Kvartalsvis;26-02-2025;Ingen betaling;71;1. februar 2025
72;Karen Madsen;karen_madsen37@dkmail.dk;Standard;23-06-2019;MasterCard;Kvartalsvis;13-01-2025;Rejected;3b49ff01-8d2c-43c4-927e-9fdf2536fa9a  ;
73;Lene Jensen;lene_jensen54@dkmail.dk;Standard;20-06-2018;Kontant;Årlig;23-01-2025;Ingen betaling;;
74;Karen Madsen;karen_madsen98@dkmail.dk;Husstand;13-07-2018;Kontant;Månedlig;10-02-2025;Ingen betaling;;
75;Sofie Andersen;sofie_andersen35@dkmail.dk;Standard;12-08-2018;Betalingsservice;Kvartalsvis;13-01-2025;Betaling afvist;75;
76;Jens Madsen;jens_madsen60@dkmail.dk;Husstand;22-08-2018;Girokort;Månedlig;23-02-2025;Ingen betaling;76;1. februar 2025
77;Mette Larsen;mette_larsen44@dkmail.dk;Standard;26-08-2018;Dankort/VISA;Årlig;20-01-2025;Failed;5af7403f-d3ee-466f-aac2-23dbf0b3942d  ;
78;Jens Nielsen;jens_nielsen73@dkmail.dk;Standard;26-08-2018;MasterCard;Kvartalsvis;23-03-2025;Failed;4fbd2a58-91f2-44a7-b282-7ea3cbf59bc1  ;
79;Mette Christensen;mette_christensen21@dkmail.dk;Nedsat;25-08-2018;Kontant;Årlig;24-02-2025;Ingen betaling;;
80;Thomas Hansen;thomas_hansen37@dkmail.dk;Standard;25-08-2018;Kontant;Månedlig;13-03-2025;Ingen betaling;;
81;Thomas Madsen;thomas_madsen99@dkmail.dk;Standard;24-08-2018;Girokort;Årlig;21-03-2025;Ingen betaling;81;1. marts 2025
82;Karen Jensen;karen_jensen77@dkmail.dk;Standard;22-04-2020;MobilePay;Månedlig;12-03-2025;Rejected;e6c8b9f4-44e7-42be-8040-1fefcb0294d6  ;
83;Sofie Hansen;sofie_hansen46@dkmail.dk;Standard;22-08-2018;MobilePay;Kvartalsvis;21-03-2025;Failed;5af7403f-d3ee-466f-aac2-23dbf0b3942d  ;
84;Henrik Pedersen;henrik_pedersen85@dkmail.dk;Standard;09-09-2018;Dankort/VISA;Kvartalsvis;30-04-2025;Failed;fe24a6dd-99cc-476e-8589-fde6bd1dc7cb  ;
85;Karen Christensen;karen_christensen58@dkmail.dk;Standard;05-10-2018;MasterCard;Kvartalsvis;09-03-2025;Failed;c8479df1-29fc-4524-bc88-e0fbd75546dc  ;
86;Martin Andersen;martin_andersen67@dkmail.dk;Standard;17-10-2018;Dankort/VISA;Årlig;05-02-2025;Failed;d4a7f2e9-4930-4cfd-b5aa-1e6a97dc1f6d  ;
87;Sofie Larsen;sofie_larsen66@dkmail.dk;Husstand;25-10-2018;Dankort/VISA;Månedlig;06-01-2025;Failed;b7354f2e-4e11-4e63-92cc-38f69f34c184;
88;Jens Pedersen;jens_pedersen92@dkmail.dk;Husstand;30-10-2018;MobilePay;Årlig;25-02-2025;Rejected;fe24a6dd-99cc-476e-8589-fde6bd1dc7cb  ;
89;Anders Larsen;anders_larsen94@dkmail.dk;Husstand;02-11-2018;MobilePay;Månedlig;25-03-2025;Failed;d4a7f2e9-4930-4cfd-b5aa-1e6a97dc1f6d  ;
90;Mette Larsen;mette_larsen35@dkmail.dk;Standard;05-11-2018;MobilePay;Kvartalsvis;12-02-2025;Failed;b7354f2e-4e11-4e63-92cc-38f69f34c184;
91;Mette Andersen;mette_andersen75@dkmail.dk;Standard;07-11-2018;Kontant;Månedlig;18-01-2025;Ingen betaling;;
92;Lene Christensen;lene_christensen41@dkmail.dk;Standard;11-11-2018;Dankort/VISA;Månedlig;10-04-2025;Failed;8f32a9b1-d3c5-4b9e-9f7e-7b12f8348cf0  ;
93;Martin Larsen;martin_larsen52@dkmail.dk;Standard;09-11-2018;MobilePay;Månedlig;06-02-2025;Rejected;8f32a9b1-d3c5-4b9e-9f7e-7b12f8348cf0  ;
94;Henrik Hansen;henrik_hansen67@dkmail.dk;Nedsat;17-01-2019;MobilePay;Månedlig;22-01-2025;Rejected;12c4ff58-6fbe-4f13-91e4-5d4293b2ab4d  ;
95;Thomas Andersen;thomas_andersen70@dkmail.dk;Standard;22-12-2018;Kontant;Kvartalsvis;21-04-2025;Ingen betaling;;
96;Sofie Hansen;sofie_hansen12@dkmail.dk;Standard;19-12-2018;Girokort;Årlig;26-04-2025;Ingen betaling;96;1. april 2025
97;Sofie Larsen;sofie_larsen45@dkmail.dk;Standard;02-07-2019;MasterCard;Månedlig;18-02-2025;Rejected;92f51ac0-bb10-4604-9a4e-4ec6ceef71e1  ;
98;Anders Nielsen;anders_nielsen48@dkmail.dk;Standard;28-07-2019;Girokort;Månedlig;28-01-2025;Ingen betaling;98;1. januar 2025
99;Jens Jensen;jens_jensen80@dkmail.dk;Standard;03-09-2019;MasterCard;Årlig;02-02-2025;Failed;6e4f0d6e-d055-4e63-9ec9-3b57aa7f3e78  ;
100;Pernille Jensen;pernille_jensen59@dkmail.dk;Standard;30-07-2019;Girokort;Årlig;31-01-2025;Ingen betaling;100;1. januar 2025
101;Jeramey Collough;jcollough2s@sphinn.com;Nedsat;05-08-2019;Dankort/VISA;Årlig;02-04-2025;Failed;12c4ff58-6fbe-4f13-91e4-5d4293b2ab4d  ;
102;Nikolaus Hobben;nhobben2t@google.com.au;Nedsat;25-08-2019;Dankort/VISA;Årlig;28-03-2025;Rejected;a1b0c9d7-442e-43aa-9e6f-e451f1b780a3  ;
103;Gordie Kamena;gkamena2u@wix.com;Nedsat;24-08-2019;Dankort/VISA;Månedlig;01-03-2025;Rejected;f3d7e4a0-21a7-4e9c-8fce-4d8ef6b710d4  ;
104;Nichole Laity;nlaity2v@is.gd;Nedsat;21-08-2019;Dankort/VISA;Årlig;19-03-2025;Failed;0d8b7c2f-2af3-4b67-9c14-cc9a2df86521  ;
105;Roddy Jans;rjans2w@ftc.gov;Nedsat;20-08-2019;Dankort/VISA;Månedlig;08-04-2025;Rejected;d6a3f4be-98e1-4973-a812-4e6cb81643e0  ;
106;Dannie Ody;dody2x@google.com.hk;Standard;13-09-2019;Dankort/VISA;Månedlig;29-01-2025;Failed;7ac43b7e-5df4-41a5-8a3e-b71206c9b0c7  ;
107;Elga Krop;ekrop2y@blogspot.com;Standard;20-09-2019;Dankort/VISA;Årlig;08-04-2025;Failed;3b49ff01-8d2c-43c4-927e-9fdf2536fa9a  ;
108;Zsazsa Caspell;zcaspell2z@adobe.com;Standard;19-09-2022;Dankort/VISA;Kvartalsvis;23-01-2025;Rejected;4fbd2a58-91f2-44a7-b282-7ea3cbf59bc1  ;
109;Starlene Pechold;spechold30@woothemes.com;Nedsat;26-09-2019;Dankort/VISA;Kvartalsvis;26-03-2025;Failed;c8479df1-29fc-4524-bc88-e0fbd75546dc  ;
110;Augustus Oakshott;aoakshott31@cbc.ca;Standard;10-10-2019;Dankort/VISA;Månedlig;25-01-2025;Failed;92f51ac0-bb10-4604-9a4e-4ec6ceef71e1  ;
111;Raphael Commins;rcommins32@guardian.co.uk;Standard;21-10-2019;Dankort/VISA;Kvartalsvis;09-03-2025;Failed;6e4f0d6e-d055-4e63-9ec9-3b57aa7f3e78  ;
112;Rianon Meadus;rmeadus33@over-blog.com;Standard;03-11-2019;Dankort/VISA;Årlig;21-01-2025;Rejected;531bbdc1-ec77-4a15-b253-9c17f0e6bd13  ;
113;Jordanna MacAnespie;jmacanespie34@360.cn;Standard;02-11-2019;Dankort/VISA;Kvartalsvis;18-01-2025;Failed;a9b203e7-b04f-4c43-981a-06cb7715a39f  ;
114;Dael Milington;dmilington35@answers.com;Standard;05-11-2022;Dankort/VISA;Månedlig;19-04-2025;Rejected;381e963f-e1c3-40ef-9a6b-949e6d28df95  ;
115;Joey Burberry;jburberry36@youtube.com;Standard;03-10-2020;Dankort/VISA;Kvartalsvis;17-02-2025;Rejected;e6c8b9f4-44e7-42be-8040-1fefcb0294d6  ;
116;Morlee Nanni;mnanni37@typepad.com;Standard;05-10-2020;Dankort/VISA;Månedlig;22-04-2025;Failed;5af7403f-d3ee-466f-aac2-23dbf0b3942d  ;
117;Pet Lukas;plukas38@bravesites.com;Standard;23-11-2022;Dankort/VISA;Årlig;20-01-2025;Failed;fe24a6dd-99cc-476e-8589-fde6bd1dc7cb  ;
118;Lek Jailler;ljailler39@joomla.org;Standard;15-10-2020;Dankort/VISA;Kvartalsvis;30-04-2025;Failed;d4a7f2e9-4930-4cfd-b5aa-1e6a97dc1f6d  ;
119;Tess Patek;tpatek3a@hostgator.com;Husstand;17-10-2020;Dankort/VISA;Årlig;05-02-2025;Failed;b7354f2e-4e11-4e63-92cc-38f69f34c184;
120;Karoly Blount;kblount3b@apple.com;Husstand;19-10-2020;Dankort/VISA;Månedlig;06-01-2025;Failed;8f32a9b1-d3c5-4b9e-9f7e-7b12f8348cf0  ;
121;Zebadiah Finnick;zfinnick3c@eepurl.com;Standard;22-10-2020;Dankort/VISA;Månedlig;10-04-2025;Failed;12c4ff58-6fbe-4f13-91e4-5d4293b2ab4d  ;
122;Eustacia Aylwin;eaylwin3d@pagesperso-orange.fr;Standard;22-10-2020;Dankort/VISA;Årlig;02-04-2025;Rejected;a1b0c9d7-442e-43aa-9e6f-e451f1b780a3  ;
123;Adele Bails;abails3e@miibeian.gov.cn;Husstand;29-10-2020;Dankort/VISA;Årlig;28-03-2025;Rejected;f3d7e4a0-21a7-4e9c-8fce-4d8ef6b710d4  ;
124;Sinclair Spadoni;sspadoni3f@cisco.com;Husstand;11-11-2020;Dankort/VISA;Månedlig;01-03-2025;Rejected;0d8b7c2f-2af3-4b67-9c14-cc9a2df86521  ;
125;Kalie Lindsey;klindsey3g@w3.org;Standard;12-01-2019;Dankort/VISA;Årlig;19-03-2025;Rejected;d6a3f4be-98e1-4973-a812-4e6cb81643e0  ;
126;Alley Giercke;agiercke3h@baidu.com;Standard;28-12-2018;Dankort/VISA;Månedlig;08-04-2025;Failed;7ac43b7e-5df4-41a5-8a3e-b71206c9b0c7  ;
127;Saxon McCarlich;smccarlich3i@sitemeter.com;Husstand;25-12-2018;Dankort/VISA;Månedlig;29-01-2025;Failed;3b49ff01-8d2c-43c4-927e-9fdf2536fa9a  ;
128;Rip Zarfat;rzarfat3j@soup.io;Husstand;25-12-2018;Dankort/VISA;Årlig;08-04-2025;Rejected;4fbd2a58-91f2-44a7-b282-7ea3cbf59bc1  ;
129;Jim Yitzowitz;jyitzowitz3k@elpais.com;Nedsat;19-01-2019;Dankort/VISA;Kvartalsvis;23-01-2025;Rejected;c8479df1-29fc-4524-bc88-e0fbd75546dc  ;
130;Jaimie Scurry;jscurry3l@upenn.edu;Standard;10-02-2019;Dankort/VISA;Kvartalsvis;26-03-2025;Rejected;92f51ac0-bb10-4604-9a4e-4ec6ceef71e1  ;
131;Vanya Gherardini;vgherardini3m@theguardian.com;Standard;07-02-2019;Dankort/VISA;Månedlig;25-01-2025;Failed;6e4f0d6e-d055-4e63-9ec9-3b57aa7f3e78  ;
132;Adore Union;aunion3n@gov.uk;Standard;17-02-2019;Dankort/VISA;Kvartalsvis;09-03-2025;Rejected;531bbdc1-ec77-4a15-b253-9c17f0e6bd13  ;
133;Alex Huetson;ahuetson3o@earthlink.net;Standard;14-02-2019;Dankort/VISA;Årlig;21-01-2025;Failed;a9b203e7-b04f-4c43-981a-06cb7715a39f  ;
134;Bentlee Beacock;bbeacock3p@sphinn.com;Nedsat;19-02-2019;Dankort/VISA;Kvartalsvis;18-01-2025;Failed;381e963f-e1c3-40ef-9a6b-949e6d28df95  ;
135;Penni Benning;pbenning3q@posterous.com;Nedsat;18-02-2019;Dankort/VISA;Månedlig;19-04-2025;Rejected;e6c8b9f4-44e7-42be-8040-1fefcb0294d6  ;
136;Bruno Gosker;bgosker3r@yahoo.co.jp;Husstand;04-10-2019;Dankort/VISA;Kvartalsvis;17-02-2025;Rejected;5af7403f-d3ee-466f-aac2-23dbf0b3942d  ;
137;Starr Grayshan;sgrayshan3s@china.com.cn;Standard;04-01-2024;Dankort/VISA;Månedlig;22-04-2025;Failed;fe24a6dd-99cc-476e-8589-fde6bd1dc7cb  ;
138;Vikky China;vchina3t@storify.com;Standard;02-01-2018;Dankort/VISA;Årlig;20-01-2025;Failed;d4a7f2e9-4930-4cfd-b5aa-1e6a97dc1f6d  ;
139;Devondra Halward;dhalward3u@facebook.com;Standard;14-04-2019;Dankort/VISA;Kvartalsvis;30-04-2025;Failed;b7354f2e-4e11-4e63-92cc-38f69f34c184;
140;Tris Kupka;tkupka3v@uol.com.br;Standard;02-11-2019;Dankort/VISA;Årlig;05-02-2025;Rejected;8f32a9b1-d3c5-4b9e-9f7e-7b12f8348cf0  ;
141;Karie O'Reagan;koreagan3w@nymag.com;Nedsat;02-11-2019;Dankort/VISA;Månedlig;06-01-2025;Rejected;12c4ff58-6fbe-4f13-91e4-5d4293b2ab4d  ;
142;Honor Mounce;hmounce3x@indiegogo.com;Husstand;08-11-2019;Dankort/VISA;Månedlig;10-04-2025;Rejected;a1b0c9d7-442e-43aa-9e6f-e451f1b780a3  ;
143;Blake Suter;bsuter3y@hp.com;Standard;16-11-2019;Dankort/VISA;Årlig;02-04-2025;Failed;f3d7e4a0-21a7-4e9c-8fce-4d8ef6b710d4  ;
144;Kendre Sloat;ksloat3z@furl.net;Nedsat;10-11-2019;Dankort/VISA;Årlig;28-03-2025;Rejected;0d8b7c2f-2af3-4b67-9c14-cc9a2df86521  ;
145;Lay Baber;lbaber40@uol.com.br;Standard;05-11-2019;Dankort/VISA;Månedlig;01-03-2025;Rejected;d6a3f4be-98e1-4973-a812-4e6cb81643e0  ;
146;Rip Ribbon;rribbon41@cnn.com;Standard;30-12-2019;Dankort/VISA;Årlig;19-03-2025;Failed;7ac43b7e-5df4-41a5-8a3e-b71206c9b0c7  ;
147;Arnoldo Canedo;acanedo42@ifeng.com;Husstand;14-12-2019;Dankort/VISA;Månedlig;08-04-2025;Rejected;3b49ff01-8d2c-43c4-927e-9fdf2536fa9a  ;
148;Kermy Zohrer;kzohrer43@wiley.com;Husstand;29-12-2019;Dankort/VISA;Månedlig;29-01-2025;Failed;4fbd2a58-91f2-44a7-b282-7ea3cbf59bc1  ;
149;Scarlett Divina;sdivina44@ifeng.com;Nedsat;29-12-2019;Dankort/VISA;Årlig;08-04-2025;Failed;c8479df1-29fc-4524-bc88-e0fbd75546dc  ;
150;Karlis Boultwood;kboultwood45@blog.com;Nedsat;05-01-2020;Dankort/VISA;Kvartalsvis;23-01-2025;Failed;92f51ac0-bb10-4604-9a4e-4ec6ceef71e1  ;
151;Renae Castellan;rcastellan46@sitemeter.com;Standard;19-01-2020;Dankort/VISA;Kvartalsvis;26-03-2025;Rejected;6e4f0d6e-d055-4e63-9ec9-3b57aa7f3e78  ;
152;Virgie Coleshill;vcoleshill47@ehow.com;Nedsat;17-01-2020;Dankort/VISA;Månedlig;25-01-2025;Failed;531bbdc1-ec77-4a15-b253-9c17f0e6bd13  ;
153;Jennette Medling;jmedling48@yale.edu;Standard;03-02-2020;Dankort/VISA;Kvartalsvis;09-03-2025;Failed;a9b203e7-b04f-4c43-981a-06cb7715a39f  ;
154;Blanca Coddington;bcoddington49@princeton.edu;Standard;22-02-2020;Dankort/VISA;Årlig;21-01-2025;Rejected;381e963f-e1c3-40ef-9a6b-949e6d28df95  ;
155;Mile Vardon;mvardon4a@123-reg.co.uk;Standard;22-02-2020;Dankort/VISA;Kvartalsvis;18-01-2025;Rejected;e6c8b9f4-44e7-42be-8040-1fefcb0294d6  ;
156;Gabriel Meads;gmeads4b@blogs.com;Standard;22-02-2020;Dankort/VISA;Månedlig;19-04-2025;Failed;5af7403f-d3ee-466f-aac2-23dbf0b3942d  ;
157;Katine Cronin;kcronin4c@oracle.com;Standard;22-02-2020;Dankort/VISA;Kvartalsvis;17-02-2025;Failed;fe24a6dd-99cc-476e-8589-fde6bd1dc7cb  ;
158;Dona Izkovici;dizkovici4d@who.int;Standard;27-02-2020;Dankort/VISA;Månedlig;22-04-2025;Rejected;d4a7f2e9-4930-4cfd-b5aa-1e6a97dc1f6d  ;
159;Opaline Ternault;oternault4e@vimeo.com;Standard;20-03-2020;Dankort/VISA;Årlig;20-01-2025;Failed;b7354f2e-4e11-4e63-92cc-38f69f34c184;
160;Sheff Fricker;sfricker4f@jiathis.com;Husstand;14-12-2018;Dankort/VISA;Kvartalsvis;30-04-2025;Rejected;8f32a9b1-d3c5-4b9e-9f7e-7b12f8348cf0  ;
161;Richart De la Zenne;rde4g@quantcast.com;Standard;14-06-2020;Dankort/VISA;Årlig;05-02-2025;Rejected;12c4ff58-6fbe-4f13-91e4-5d4293b2ab4d  ;
162;Barron Stoffels;bstoffels4h@merriam-webster.com;Standard;14-06-2020;Dankort/VISA;Månedlig;06-01-2025;Failed;a1b0c9d7-442e-43aa-9e6f-e451f1b780a3  ;
163;Chicky Edgson;cedgson4i@ftc.gov;Standard;21-03-2022;Dankort/VISA;Månedlig;10-04-2025;Failed;f3d7e4a0-21a7-4e9c-8fce-4d8ef6b710d4  ;
164;Kevin Ogus;kogus4j@google.com.au;Standard;15-06-2020;MobilePay;Månedlig;12-04-2025;Rejected;a1b0c9d7-442e-43aa-9e6f-e451f1b780a3  ;
165;Andie Bent;abent4k@omniture.com;Standard;19-06-2020;MobilePay;Kvartalsvis;24-03-2025;Rejected;f3d7e4a0-21a7-4e9c-8fce-4d8ef6b710d4  ;
166;Marve Wallman;mwallman4l@sciencedaily.com;Standard;30-07-2020;MobilePay;Årlig;18-02-2025;Rejected;0d8b7c2f-2af3-4b67-9c14-cc9a2df86521  ;
167;Micaela Stych;mstych4m@ftc.gov;Standard;25-09-2022;MobilePay;Årlig;29-04-2025;Failed;d6a3f4be-98e1-4973-a812-4e6cb81643e0  ;
168;Mil Duncklee;mduncklee4n@unicef.org;Standard;20-08-2020;MobilePay;Månedlig;04-01-2025;Rejected;7ac43b7e-5df4-41a5-8a3e-b71206c9b0c7  ;
169;Simonne Fyall;sfyall4o@washington.edu;Standard;10-09-2022;MobilePay;Månedlig;23-03-2025;Rejected;3b49ff01-8d2c-43c4-927e-9fdf2536fa9a  ;
170;Karil Clearley;kclearley4p@msu.edu;Husstand;10-02-2021;MobilePay;Kvartalsvis;20-02-2025;Rejected;4fbd2a58-91f2-44a7-b282-7ea3cbf59bc1  ;
171;Stacie Courtman;scourtman4q@devhub.com;Standard;13-02-2021;MobilePay;Månedlig;27-04-2025;Rejected;c8479df1-29fc-4524-bc88-e0fbd75546dc  ;
172;Gerik Bellefant;gbellefant4r@nps.gov;Standard;20-02-2021;MobilePay;Årlig;26-03-2025;Failed;92f51ac0-bb10-4604-9a4e-4ec6ceef71e1  ;
173;Olympe Behrend;obehrend4s@java.com;Standard;28-02-2021;MasterCard;Årlig;13-01-2025;Rejected;531bbdc1-ec77-4a15-b253-9c17f0e6bd13  ;
174;Gerard Sherwill;gsherwill4t@yolasite.com;Standard;05-04-2021;MasterCard;Månedlig;09-04-2025;Rejected;a9b203e7-b04f-4c43-981a-06cb7715a39f  ;
175;Dean Pennino;dpennino4u@photobucket.com;Standard;05-04-2021;MasterCard;Månedlig;06-04-2025;Rejected;381e963f-e1c3-40ef-9a6b-949e6d28df95  ;
176;Nancee Placide;nplacide4v@liveinternet.ru;Standard;06-12-2020;MasterCard;Kvartalsvis;22-02-2025;Failed;e6c8b9f4-44e7-42be-8040-1fefcb0294d6  ;
177;Nicola Jouannot;njouannot4w@about.com;Standard;06-12-2020;MasterCard;Kvartalsvis;13-04-2025;Rejected;5af7403f-d3ee-466f-aac2-23dbf0b3942d  ;
178;Marigold Searchfield;msearchfield4x@bing.com;Standard;29-12-2020;MasterCard;Månedlig;12-03-2025;Failed;fe24a6dd-99cc-476e-8589-fde6bd1dc7cb  ;
179;Izaak Bulfoy;ibulfoy4y@cisco.com;Standard;01-10-2022;MasterCard;Kvartalsvis;21-03-2025;Failed;d4a7f2e9-4930-4cfd-b5aa-1e6a97dc1f6d  ;
180;Ulysses Ruddlesden;uruddlesden4z@ocn.ne.jp;Standard;17-01-2022;MasterCard;Årlig;25-02-2025;Failed;b7354f2e-4e11-4e63-92cc-38f69f34c184;
181;Gracie Ebbin;gebbin50@skype.com;Standard;01-03-2024;MasterCard;Månedlig;25-03-2025;Rejected;8f32a9b1-d3c5-4b9e-9f7e-7b12f8348cf0  ;
182;Irina McGaughey;imcgaughey51@deliciousdays.com;Standard;23-01-2021;MasterCard;Kvartalsvis;12-02-2025;Failed;12c4ff58-6fbe-4f13-91e4-5d4293b2ab4d  ;
183;Keane Zorzini;kzorzini52@yandex.ru;Nedsat;10-10-2023;MasterCard;Månedlig;06-02-2025;Rejected;a1b0c9d7-442e-43aa-9e6f-e451f1b780a3  ;
184;Joachim Dunkinson;jdunkinson53@woothemes.com;Standard;18-01-2024;MasterCard;Månedlig;22-01-2025;Rejected;f3d7e4a0-21a7-4e9c-8fce-4d8ef6b710d4  ;
185;Lucienne Kinsley;lkinsley54@amazon.de;Husstand;10-09-2021;MasterCard;Månedlig;12-04-2025;Rejected;0d8b7c2f-2af3-4b67-9c14-cc9a2df86521  ;
186;Carter Crowthe;ccrowthe55@xing.com;Nedsat;13-09-2021;MasterCard;Kvartalsvis;24-03-2025;Rejected;d6a3f4be-98e1-4973-a812-4e6cb81643e0  ;
187;Dukey Peaple;dpeaple56@indiatimes.com;Standard;12-10-2021;MasterCard;Årlig;18-02-2025;Rejected;7ac43b7e-5df4-41a5-8a3e-b71206c9b0c7  ;
188;Issie Juzek;ijuzek57@goo.gl;Standard;12-10-2021;MasterCard;Årlig;29-04-2025;Rejected;3b49ff01-8d2c-43c4-927e-9fdf2536fa9a  ;
189;Kelila Darville;kdarville58@squidoo.com;Standard;29-10-2021;MasterCard;Månedlig;04-01-2025;Failed;4fbd2a58-91f2-44a7-b282-7ea3cbf59bc1  ;
190;Erma Kinane;ekinane59@gravatar.com;Standard;12-11-2021;MasterCard;Månedlig;23-03-2025;Failed;c8479df1-29fc-4524-bc88-e0fbd75546dc  ;
191;Kristoforo Iacovielli;kiacovielli5a@mapquest.com;Standard;14-11-2021;MasterCard;Kvartalsvis;20-02-2025;Rejected;92f51ac0-bb10-4604-9a4e-4ec6ceef71e1  ;
192;Nedi Raddish;nraddish5b@narod.ru;Standard;14-11-2021;MasterCard;Månedlig;27-04-2025;Failed;6e4f0d6e-d055-4e63-9ec9-3b57aa7f3e78  ;
193;Corabel Pavluk;cpavluk5c@usnews.com;Standard;25-11-2021;MasterCard;Årlig;26-03-2025;Failed;531bbdc1-ec77-4a15-b253-9c17f0e6bd13  ;
194;Rogerio Toohey;rtoohey5d@barnesandnoble.com;Husstand;26-11-2021;MasterCard;Årlig;13-01-2025;Failed;a9b203e7-b04f-4c43-981a-06cb7715a39f  ;
195;Blair Bennallck;bbennallck5e@feedburner.com;Husstand;10-02-2024;MasterCard;Månedlig;09-04-2025;Rejected;381e963f-e1c3-40ef-9a6b-949e6d28df95  ;
196;Burnaby Heers;bheers5f@google.fr;Standard;12-07-2022;MasterCard;Månedlig;06-04-2025;Rejected;e6c8b9f4-44e7-42be-8040-1fefcb0294d6  ;
197;Durante Shoobridge;dshoobridge5g@barnesandnoble.com;Husstand;13-09-2022;MasterCard;Kvartalsvis;22-02-2025;Failed;5af7403f-d3ee-466f-aac2-23dbf0b3942d  ;
198;Booth Ruston;bruston5h@sfgate.com;Nedsat;03-06-2021;MasterCard;Kvartalsvis;13-04-2025;Failed;fe24a6dd-99cc-476e-8589-fde6bd1dc7cb  ;
199;Jayme MacAirt;jmacairt5i@boston.com;Standard;16-07-2021;MasterCard;Månedlig;12-03-2025;Rejected;d4a7f2e9-4930-4cfd-b5aa-1e6a97dc1f6d  ;
200;Lee Volke;lvolke5j@reuters.com;Husstand;07-01-2022;MasterCard;Kvartalsvis;21-03-2025;Failed;b7354f2e-4e11-4e63-92cc-38f69f34c184;
201;Juliana Dymidowski;jdymidowski5k@goodreads.com;Standard;25-07-2021;MasterCard;Årlig;25-02-2025;Failed;8f32a9b1-d3c5-4b9e-9f7e-7b12f8348cf0  ;
202;Saunderson Hubback;shubback5l@businessweek.com;Nedsat;24-04-2022;MobilePay;Månedlig;25-03-2025;Failed;6e4f0d6e-d055-4e63-9ec9-3b57aa7f3e78  ;
203;Lorene Moston;lmoston5m@omniture.com;Standard;15-05-2022;MobilePay;Kvartalsvis;12-02-2025;Rejected;531bbdc1-ec77-4a15-b253-9c17f0e6bd13  ;
204;Coletta Bouch;cbouch5n@aboutads.info;Nedsat;30-06-2022;MobilePay;Månedlig;06-02-2025;Rejected;a9b203e7-b04f-4c43-981a-06cb7715a39f  ;
205;Christos Trewett;ctrewett5o@pcworld.com;Standard;30-06-2022;MobilePay;Månedlig;22-01-2025;Failed;381e963f-e1c3-40ef-9a6b-949e6d28df95  ;
206;Sibyl Baish;sbaish5p@woothemes.com;Standard;20-10-2022;Betalingsservice;Kvartalsvis;22-03-2025;Betaling afvist;206;
207;Jim Elrick;jelrick5q@360.cn;Standard;17-08-2022;Betalingsservice;Kvartalsvis;09-04-2025;Aftale lukket;207;
208;Sybille Jedrzejczak;sjedrzejczak5r@squidoo.com;Standard;19-08-2022;Betalingsservice;Årlig;04-01-2025;Aftale lukket;208;
209;Parsifal Cowterd;pcowterd5s@apache.org;Standard;22-08-2022;Betalingsservice;Årlig;31-01-2025;Betaling afvist;209;
210;Bernelle Runnacles;brunnacles5t@reddit.com;Standard;05-09-2022;Betalingsservice;Årlig;08-04-2025;Betaling afvist;210;
211;Goldy Wicklen;gwicklen5u@google.it;Standard;14-09-2022;Betalingsservice;Månedlig;22-01-2025;Betaling afvist;211;
212;Ivan Petri;ipetri5v@networksolutions.com;Husstand;17-09-2022;Betalingsservice;Årlig;15-03-2025;Aftale lukket;212;
213;Greg Fairpool;gfairpool5w@hatena.ne.jp;Standard;19-09-2022;Betalingsservice;Kvartalsvis;04-03-2025;Betaling afvist;213;
214;Ervin Bitchener;ebitchener5x@epa.gov;Husstand;26-09-2022;Betalingsservice;Månedlig;01-01-2025;Betaling afvist;214;
215;Alis Dix;adix5y@webeden.co.uk;Standard;06-11-2022;Betalingsservice;Månedlig;08-02-2025;Betaling afvist;215;
216;Angelico Ingolotti;aingolotti5z@cornell.edu;Standard;06-01-2022;Betalingsservice;Månedlig;21-02-2025;Aftale lukket;216;
217;Binnie Leaman;bleaman60@cnbc.com;Nedsat;13-01-2022;Betalingsservice;Årlig;25-04-2025;Aftale lukket;217;
218;Dexter Klesl;dklesl61@delicious.com;Standard;18-01-2022;Betalingsservice;Årlig;16-03-2025;Betaling afvist;218;
219;Othelia Hutchison;ohutchison62@ox.ac.uk;Nedsat;01-03-2022;Betalingsservice;Årlig;28-01-2025;Aftale lukket;219;
220;Wright Renshaw;wrenshaw63@psu.edu;Standard;03-03-2022;Betalingsservice;Månedlig;23-02-2025;Aftale lukket;220;
221;Torrey Beddows;tbeddows64@dmoz.org;Standard;05-03-2022;Betalingsservice;Månedlig;10-03-2025;Aftale lukket;221;
222;Brigitte Grigoriscu;bgrigoriscu65@printfriendly.com;Nedsat;07-03-2022;Betalingsservice;Kvartalsvis;13-01-2025;Aftale lukket;222;
223;Sophey Schustl;sschustl66@state.gov;Standard;16-10-2022;Betalingsservice;Kvartalsvis;22-03-2025;Betaling afvist;223;
224;Briny Duff;bduff67@livejournal.com;Standard;17-10-2022;Betalingsservice;Kvartalsvis;09-04-2025;Betaling afvist;224;
225;Adelina Oleszcuk;aoleszcuk68@chicagotribune.com;Standard;18-10-2022;Betalingsservice;Årlig;04-01-2025;Betaling afvist;225;
226;Halli Tapson;htapson69@go.com;Standard;29-10-2022;Betalingsservice;Årlig;31-01-2025;Aftale lukket;226;
227;Christan Glendining;cglendining6a@tinyurl.com;Standard;03-11-2022;Betalingsservice;Årlig;08-04-2025;Betaling afvist;227;
228;Celie O'Tierney;cotierney6b@posterous.com;Standard;04-11-2022;Betalingsservice;Månedlig;22-01-2025;Betaling afvist;228;
229;Rene Dollimore;rdollimore6c@bizjournals.com;Standard;04-11-2022;Betalingsservice;Årlig;15-03-2025;Aftale lukket;229;
230;Ernaline Staining;estaining6d@privacy.gov.au;Standard;05-11-2022;Betalingsservice;Kvartalsvis;04-03-2025;Aftale lukket;230;
231;Bone Tees;btees6e@xinhuanet.com;Standard;05-11-2022;Betalingsservice;Månedlig;01-01-2025;Betaling afvist;231;
232;Sigismondo Gerrietz;sgerrietz6f@slashdot.org;Standard;05-11-2022;Betalingsservice;Månedlig;08-02-2025;Betaling afvist;232;
233;Timotheus Manterfield;tmanterfield6g@indiatimes.com;Standard;06-11-2022;Betalingsservice;Månedlig;21-02-2025;Betaling afvist;233;
234;Aimee Moorwood;amoorwood6h@apple.com;Standard;06-11-2022;Betalingsservice;Årlig;25-04-2025;Aftale lukket;234;
235;Celesta Narey;cnarey6i@issuu.com;Standard;06-11-2022;Betalingsservice;Årlig;16-03-2025;Betaling afvist;235;
236;Kip Lumox;klumox6j@arizona.edu;Standard;06-11-2022;Betalingsservice;Årlig;28-01-2025;Betaling afvist;236;
237;Moses Etherington;metherington6k@ucla.edu;Standard;06-11-2022;Betalingsservice;Månedlig;23-02-2025;Betaling afvist;237;
238;Brita Cruddas;bcruddas6l@altervista.org;Standard;12-11-2022;Betalingsservice;Månedlig;10-03-2025;Betaling afvist;238;
239;Arie Austen;aausten6m@un.org;Standard;24-11-2022;Betalingsservice;Kvartalsvis;13-01-2025;Betaling afvist;239;
240;Kara Kenwood;kkenwood6n@t-online.de;Standard;09-10-2022;Betalingsservice;Kvartalsvis;22-03-2025;Betaling afvist;240;
241;Dolph Rawstorn;drawstorn6o@paypal.com;Nedsat;22-05-2023;Betalingsservice;Kvartalsvis;09-04-2025;Aftale lukket;241;
242;Natalya Proom;nproom6p@hibu.com;Standard;01-06-2023;Betalingsservice;Årlig;04-01-2025;Aftale lukket;242;
243;Cooper Golsthorp;cgolsthorp6q@buzzfeed.com;Standard;25-10-2023;Betalingsservice;Årlig;31-01-2025;Aftale lukket;243;
244;Mildrid Matteotti;mmatteotti6r@utexas.edu;Husstand;25-10-2023;Betalingsservice;Årlig;08-04-2025;Aftale lukket;244;
245;Janetta Ginni;jginni6s@nsw.gov.au;Standard;26-10-2023;Betalingsservice;Månedlig;22-01-2025;Aftale lukket;245;
246;Andrew Nias;anias6t@bloomberg.com;Standard;01-11-2023;Betalingsservice;Årlig;15-03-2025;Betaling afvist;246;
247;Petey Boodle;pboodle6u@vk.com;Nedsat;03-11-2023;Betalingsservice;Kvartalsvis;04-03-2025;Betaling afvist;247;
248;Johna Brawn;jbrawn6v@huffingtonpost.com;Nedsat;03-11-2023;Betalingsservice;Månedlig;01-01-2025;Aftale lukket;248;
249;Denyse Fildes;dfildes6w@hatena.ne.jp;Nedsat;04-11-2023;Betalingsservice;Månedlig;08-02-2025;Aftale lukket;249;
250;Zara Lago;zlago6x@delicious.com;Standard;04-11-2023;Betalingsservice;Månedlig;21-02-2025;Aftale lukket;250;
251;Judd Ghio;jghio6y@netvibes.com;Standard;04-11-2023;Betalingsservice;Årlig;25-04-2025;Aftale lukket;251;
252;Forrester Shipsey;fshipsey6z@freewebs.com;Standard;04-11-2023;Betalingsservice;Årlig;16-03-2025;Betaling afvist;252;
253;Enrique Osband;eosband70@nationalgeographic.com;Standard;05-11-2023;Betalingsservice;Årlig;28-01-2025;Betaling afvist;253;
254;Nickie Layhe;nlayhe71@plala.or.jp;Standard;05-11-2023;Betalingsservice;Månedlig;23-02-2025;Aftale lukket;254;
255;Beatriz Kadar;bkadar72@devhub.com;Standard;05-11-2023;Kontant;Månedlig;10-03-2025;Ingen betaling;;
256;Levon Henriquet;lhenriquet73@jalbum.net;Standard;05-11-2023;Kontant;Kvartalsvis;13-01-2025;Ingen betaling;;
257;Yolane Tiffany;ytiffany74@google.co.uk;Standard;05-11-2023;Kontant;Kvartalsvis;22-03-2025;Ingen betaling;;
258;Marie Swyer;mswyer75@chicagotribune.com;Standard;06-11-2023;Kontant;Kvartalsvis;09-04-2025;Ingen betaling;;
259;Alley Romaint;aromaint76@cyberchimps.com;Husstand;07-11-2023;Kontant;Årlig;04-01-2025;Ingen betaling;;
260;Rodina Mattecot;rmattecot77@jimdo.com;Standard;09-11-2023;Kontant;Årlig;31-01-2025;Ingen betaling;;
261;Antonia Wickwarth;awickwarth78@163.com;Husstand;30-12-2023;Kontant;Årlig;08-04-2025;Ingen betaling;;
262;Selie Glaysher;sglaysher79@sbwire.com;Standard;03-01-2024;Kontant;Månedlig;22-01-2025;Ingen betaling;;
263;Aleen Hayley;ahayley7a@bigcartel.com;Standard;08-01-2024;Kontant;Årlig;15-03-2025;Ingen betaling;;
264;Colan Crissil;ccrissil7b@mac.com;Standard;08-01-2024;Kontant;Kvartalsvis;04-03-2025;Ingen betaling;;
265;Luciano Romaines;lromaines7c@yellowbook.com;Standard;11-01-2024;Kontant;Månedlig;01-01-2025;Ingen betaling;;
266;Malcolm Sydall;msydall7d@illinois.edu;Standard;14-01-2024;Kontant;Månedlig;08-02-2025;Ingen betaling;;
267;Creigh Quayle;cquayle7e@theglobeandmail.com;Standard;17-01-2024;Kontant;Månedlig;21-02-2025;Ingen betaling;;
268;Brigida Crocket;bcrocket7f@eepurl.com;Standard;18-01-2024;Kontant;Årlig;25-04-2025;Ingen betaling;;
269;Heather Scupham;hscupham7g@springer.com;Nedsat;18-01-2024;Kontant;Årlig;16-03-2025;Ingen betaling;;
270;Avis Rose;arose7h@oakley.com;Nedsat;18-01-2024;Kontant;Årlig;28-01-2025;Ingen betaling;;
271;Fancie O'Donegan;fodonegan7i@newsvine.com;Nedsat;18-01-2024;Kontant;Månedlig;23-02-2025;Ingen betaling;;
272;Muire Dybald;mdybald7j@prweb.com;Standard;18-01-2024;Kontant;Månedlig;10-03-2025;Ingen betaling;;
273;Kevin Charopen;kcharopen7k@blogspot.com;Standard;18-01-2024;Kontant;Kvartalsvis;13-01-2025;Ingen betaling;;
274;Ilyse Larmett;ilarmett7l@123-reg.co.uk;Standard;18-01-2024;Kontant;Kvartalsvis;22-03-2025;Ingen betaling;;
275;Jobey Broscombe;jbroscombe7m@plala.or.jp;Standard;18-01-2024;Kontant;Kvartalsvis;09-04-2025;Ingen betaling;;
276;Tamar By;tby7n@sina.com.cn;Standard;18-01-2024;Kontant;Årlig;04-01-2025;Ingen betaling;;
277;Maribelle Gumary;mgumary7o@rediff.com;Standard;18-01-2024;Kontant;Årlig;31-01-2025;Ingen betaling;;
278;Laurella Dunderdale;ldunderdale7p@hp.com;Standard;18-01-2024;Kontant;Årlig;08-04-2025;Ingen betaling;;
279;Kris Pountney;kpountney7q@yellowpages.com;Nedsat;18-01-2024;Betalingsservice;Månedlig;22-01-2025;Aftale lukket;279;
280;Jerry Kainz;jkainz7r@istockphoto.com;Standard;18-01-2024;Betalingsservice;Årlig;15-03-2025;Aftale lukket;280;
281;Pauly Kempson;pkempson7s@ebay.co.uk;Standard;19-01-2024;Betalingsservice;Kvartalsvis;04-03-2025;Aftale lukket;281;
282;Lancelot Vellacott;lvellacott7t@flickr.com;Standard;19-01-2024;Betalingsservice;Månedlig;01-01-2025;Betaling afvist;282;
283;Vernice Woolbrook;vwoolbrook7u@nsw.gov.au;Standard;19-01-2024;Betalingsservice;Månedlig;08-02-2025;Betaling afvist;283;
284;Carleton Barton;cbarton7v@berkeley.edu;Standard;19-01-2024;Betalingsservice;Månedlig;21-02-2025;Aftale lukket;284;
285;Griff Duncanson;gduncanson7w@friendfeed.com;Nedsat;19-01-2024;Betalingsservice;Årlig;25-04-2025;Aftale lukket;285;
286;Andre Burrass;aburrass7x@ask.com;Standard;26-01-2024;Betalingsservice;Årlig;16-03-2025;Betaling afvist;286;
287;Roma Heindle;rheindle7y@yellowpages.com;Nedsat;30-01-2024;Betalingsservice;Årlig;28-01-2025;Betaling afvist;287;
288;Eugene Conningham;econningham7z@irs.gov;Nedsat;31-01-2024;Betalingsservice;Månedlig;23-02-2025;Aftale lukket;288;
289;Brad Conradsen;bconradsen80@twitter.com;Standard;08-02-2024;Betalingsservice;Månedlig;10-03-2025;Aftale lukket;289;
290;Burl Follet;bfollet81@shutterfly.com;Standard;09-02-2024;Betalingsservice;Kvartalsvis;13-01-2025;Aftale lukket;290;
291;Matelda Belt;mbelt82@phpbb.com;Standard;10-02-2024;Betalingsservice;Kvartalsvis;22-03-2025;Aftale lukket;291;
292;Leoine Norvell;lnorvell83@hexun.com;Husstand;20-02-2024;Betalingsservice;Kvartalsvis;09-04-2025;Betaling afvist;292;
293;Jobina Madre;jmadre84@lulu.com;Husstand;03-07-2024;Betalingsservice;Årlig;04-01-2025;Betaling afvist;293;
294;Nehemiah Torres;ntorres85@homestead.com;Standard;18-08-2024;Kontant;Årlig;31-01-2025;Ingen betaling;;
295;Alanna Henner;ahenner86@comsenz.com;Standard;19-12-2024;Kontant;Årlig;08-04-2025;Ingen betaling;;
296;Rachele Legrand;rlegrand87@dell.com;Nedsat;09-12-2022;Kontant;Månedlig;22-01-2025;Ingen betaling;;
297;Salem Fritzer;sfritzer88@ucsd.edu;Standard;10-12-2022;Kontant;Årlig;15-03-2025;Ingen betaling;;
298;Bondon Illing;billing89@blinklist.com;Standard;27-12-2022;Kontant;Kvartalsvis;04-03-2025;Ingen betaling;;
299;Valentin Palleske;vpalleske8a@networkadvertising.org;Nedsat;11-01-2023;Kontant;Månedlig;01-01-2025;Ingen betaling;;
300;Zarla Cristofolini;zcristofolini8b@chronoengine.com;Nedsat;22-10-2024;Kontant;Månedlig;08-02-2025;Ingen betaling;;
301;Adriano Haselgrove;ahaselgrove8c@cbsnews.com;Nedsat;03-04-2023;Kontant;Månedlig;21-02-2025;Ingen betaling;;
302;Lynn Arsey;larsey8d@springer.com;Standard;03-05-2023;Kontant;Årlig;25-04-2025;Ingen betaling;;
303;Crin Coard;ccoard8e@senate.gov;Nedsat;08-05-2023;Kontant;Årlig;16-03-2025;Ingen betaling;;
304;Yulma Greenwell;ygreenwell8f@umich.edu;Standard;14-06-2023;Kontant;Årlig;28-01-2025;Ingen betaling;;
305;Lanna Peacham;lpeacham8g@ning.com;Nedsat;23-08-2023;Kontant;Månedlig;23-02-2025;Ingen betaling;;
306;Charin Delacourt;cdelacourt8h@un.org;Standard;03-09-2023;Kontant;Månedlig;10-03-2025;Ingen betaling;;
307;Gabbie Posvner;gposvner8i@samsung.com;Nedsat;05-09-2023;Kontant;Kvartalsvis;13-01-2025;Ingen betaling;;
308;Darcy Dooman;ddooman8j@nature.com;Standard;10-09-2023;Kontant;Kvartalsvis;18-02-2025;Ingen betaling;;
309;Fraser Paulon;fpaulon8k@princeton.edu;Standard;17-09-2023;Kontant;Årlig;08-03-2025;Ingen betaling;;
310;Kaine Stewart;kstewart8l@pbs.org;Standard;20-09-2023;Kontant;Årlig;23-03-2025;Ingen betaling;;
311;Fara Meeny;fmeeny8m@wordpress.com;Husstand;28-09-2023;Kontant;Månedlig;16-03-2025;Ingen betaling;;
312;Madelena Sabater;msabater8n@si.edu;Nedsat;12-10-2023;Kontant;Kvartalsvis;02-04-2025;Ingen betaling;;
313;Hillyer Illsley;hillsley8o@freewebs.com;Nedsat;12-10-2023;Kontant;Månedlig;16-02-2025;Ingen betaling;;
314;Haroun Burlay;hburlay8p@networkadvertising.org;Nedsat;17-04-2024;Kontant;Årlig;15-04-2025;Ingen betaling;;
315;Rosanne Jewitt;rjewitt8q@youku.com;Standard;23-05-2024;Kontant;Kvartalsvis;08-01-2025;Ingen betaling;;
316;Falito O'Hartagan;fohartagan8r@over-blog.com;Standard;24-05-2024;Kontant;Årlig;23-01-2025;Ingen betaling;;
317;Major Magne;mmagne8s@amazonaws.com;Nedsat;31-05-2024;Kontant;Månedlig;10-02-2025;Ingen betaling;;
